<?xml version="1.0" encoding="UTF-8"?>
<project-private xmlns="http://www.netbeans.org/ns/project-private/1">
    <editor-bookmarks xmlns="http://www.netbeans.org/ns/editor-bookmarks/2" lastBookmarkId="0"/>
    <open-files xmlns="http://www.netbeans.org/ns/projectui-open-files/2">
        <group>
            <file>file:/C:/Users/Notandi/Documents/NetBeansProjects/HareAndHound/src/is/hi/vidmot/Hare.java</file>
            <file>file:/C:/Users/Notandi/Documents/NetBeansProjects/HareAndHound/src/is/hi/vinnsla/algoRithm.java</file>
            <file>file:/C:/Users/Notandi/Documents/NetBeansProjects/HareAndHound/src/is/hi/vidmot/FXMLDocumentController.java</file>
            <file>file:/C:/Users/Notandi/Documents/NetBeansProjects/HareAndHound/src/is/hi/vidmot/Hounds.java</file>
            <file>file:/C:/Users/Notandi/Documents/NetBeansProjects/HareAndHound/src/is/hi/vidmot/Ped.java</file>
            <file>file:/C:/Users/Notandi/Documents/NetBeansProjects/HareAndHound/src/is/hi/vidmot/teiknaGrunnbord.java</file>
        </group>
    </open-files>
</project-private>
